Position,Name + ID,Name,ID,Roster Position,Salary,Game Info,TeamAbbrev,AvgPointsPerGame
C,Nikola Jokic (36779264),Nikola Jokic,36779264,C/UTIL,12000,NYK@DEN 11/25/2024 09:00PM ET,DEN,71.77
SF/PF,Jayson Tatum (36779269),Jayson Tatum,36779269,SF/PF/F/UTIL,10200,LAC@BOS 11/25/2024 07:30PM ET,BOS,53.16
PG,LaMelo Ball (36779273),LaMelo Ball,36779273,PG/G/UTIL,10000,ORL@CHA 11/25/2024 07:00PM ET,CHA,49.91
PG,Cade Cunningham (36779276),Cade Cunningham,36779276,PG/G/UTIL,9800,TOR@DET 11/25/2024 07:00PM ET,DET,49.66
PG/SG,Kyrie Irving (36779279),Kyrie Irving,36779279,PG/SG/G/UTIL,9700,DAL@ATL 11/25/2024 07:30PM ET,DAL,40.95
SF/PF,Franz Wagner (36779283),Franz Wagner,36779283,SF/PF/F/UTIL,9600,ORL@CHA 11/25/2024 07:00PM ET,ORL,43.19
PG,Trae Young (36779291),Trae Young,36779291,PG/G/UTIL,9200,DAL@ATL 11/25/2024 07:30PM ET,ATL,47.59
PG,James Harden (36779294),James Harden,36779294,PG/G/UTIL,9100,LAC@BOS 11/25/2024 07:30PM ET,LAC,47.68
PG,Ja Morant (36779297),Ja Morant,36779297,PG/G/UTIL,9000,POR@MEM 11/25/2024 08:00PM ET,MEM,42
PG,Jalen Brunson (36779302),Jalen Brunson,36779302,PG/G/UTIL,8800,NYK@DEN 11/25/2024 09:00PM ET,NYK,41.36
SG/SF,Brandon Ingram (36779305),Brandon Ingram,36779305,SG/SF/F/G/UTIL,8700,NOP@IND 11/25/2024 07:00PM ET,NOP,40.38
SF/PF,RJ Barrett (36779310),RJ Barrett,36779310,SF/PF/F/UTIL,8600,TOR@DET 11/25/2024 07:00PM ET,TOR,43.11
PG/SF,Scottie Barnes (36779314),Scottie Barnes,36779314,PG/SF/F/G/UTIL,8500,TOR@DET 11/25/2024 07:00PM ET,TOR,40.54
PG/SG,Jamal Murray (36779319),Jamal Murray,36779319,PG/SG/G/UTIL,8400,NYK@DEN 11/25/2024 09:00PM ET,DEN,35.81
PF,Jalen Johnson (36779323),Jalen Johnson,36779323,PF/F/UTIL,8300,DAL@ATL 11/25/2024 07:30PM ET,ATL,45.47
SG/SF,Jaylen Brown (36779329),Jaylen Brown,36779329,SG/SF/F/G/UTIL,8200,LAC@BOS 11/25/2024 07:30PM ET,BOS,43.71
PG,Tyrese Haliburton (36779334),Tyrese Haliburton,36779334,PG/G/UTIL,8100,NOP@IND 11/25/2024 07:00PM ET,IND,37.41
C,Jakob Poeltl (36779337),Jakob Poeltl,36779337,C/UTIL,8000,TOR@DET 11/25/2024 07:00PM ET,TOR,40.43
PF,Jaren Jackson Jr. (36779343),Jaren Jackson Jr.,36779343,PF/F/UTIL,7900,POR@MEM 11/25/2024 08:00PM ET,MEM,37.83
PG/SG,CJ McCollum (36779346),CJ McCollum,36779346,PG/SG/G/UTIL,7800,NOP@IND 11/25/2024 07:00PM ET,NOP,36.25
C,Kristaps Porzingis (36779350),Kristaps Porzingis,36779350,C/UTIL,7700,LAC@BOS 11/25/2024 07:30PM ET,BOS,0
SF/PF,Michael Porter Jr. (36779352),Michael Porter Jr.,36779352,SF/PF/F/UTIL,7600,NYK@DEN 11/25/2024 09:00PM ET,DEN,35.5
SG/SF,Brandon Miller (36779356),Brandon Miller,36779356,SG/SF/F/G/UTIL,7500,ORL@CHA 11/25/2024 07:00PM ET,CHA,36.60
PG/SF,Desmond Bane (36779361),Desmond Bane,36779361,PG/SF/F/G/UTIL,7400,POR@MEM 11/25/2024 08:00PM ET,MEM,33.1
SF/PF,Josh Hart (36779366),Josh Hart,36779366,SF/PF/F/UTIL,7300,NYK@DEN 11/25/2024 09:00PM ET,NYK,37.52
PF,Pascal Siakam (36779373),Pascal Siakam,36779373,PF/F/UTIL,7100,NOP@IND 11/25/2024 07:00PM ET,IND,36.87
PG/SG,Derrick White (36779376),Derrick White,36779376,PG/SG/G/UTIL,7000,LAC@BOS 11/25/2024 07:30PM ET,BOS,35.71
C,Ivica Zubac (36779380),Ivica Zubac,36779380,C/UTIL,7000,LAC@BOS 11/25/2024 07:30PM ET,LAC,37.93
PG,Scotty Pippen Jr. (36779382),Scotty Pippen Jr.,36779382,PG/G/UTIL,6900,POR@MEM 11/25/2024 08:00PM ET,MEM,29.62
SF/PF,OG Anunoby (36779395),OG Anunoby,36779395,SF/PF/F/UTIL,6800,NYK@DEN 11/25/2024 09:00PM ET,NYK,32.59
PG/SG,Jaden Ivey (36779385),Jaden Ivey,36779385,PG/SG/G/UTIL,6800,TOR@DET 11/25/2024 07:00PM ET,DET,32.48
PG/SG,Dyson Daniels (36779389),Dyson Daniels,36779389,PG/SG/G/UTIL,6700,DAL@ATL 11/25/2024 07:30PM ET,ATL,33.07
C,Myles Turner (36779393),Myles Turner,36779393,C/UTIL,6700,NOP@IND 11/25/2024 07:00PM ET,IND,33.3
SG/SF,Norman Powell (36779404),Norman Powell,36779404,SG/SF/F/G/UTIL,6600,LAC@BOS 11/25/2024 07:30PM ET,LAC,34.23
C,Deandre Ayton (36779399),Deandre Ayton,36779399,C/UTIL,6600,POR@MEM 11/25/2024 08:00PM ET,POR,31.27
PG/SF,Brandon Boston Jr. (36779409),Brandon Boston Jr.,36779409,PG/SF/F/G/UTIL,6600,NOP@IND 11/25/2024 07:00PM ET,NOP,27.39
PG,Jalen Suggs (36779414),Jalen Suggs,36779414,PG/G/UTIL,6500,ORL@CHA 11/25/2024 07:00PM ET,ORL,30.46
SF,Bennedict Mathurin (36779417),Bennedict Mathurin,36779417,SF/F/UTIL,6500,NOP@IND 11/25/2024 07:00PM ET,IND,31.71
C,Jalen Duren (36779439),Jalen Duren,36779439,C/UTIL,6400,TOR@DET 11/25/2024 07:00PM ET,DET,27.28
SF/PF,Trey Murphy III (36779420),Trey Murphy III,36779420,SF/PF/F/UTIL,6400,NOP@IND 11/25/2024 07:00PM ET,NOP,28.9
SG/SF,Mikal Bridges (36779430),Mikal Bridges,36779430,SG/SF/F/G/UTIL,6300,NYK@DEN 11/25/2024 09:00PM ET,NYK,29.38
PF,Tobias Harris (36779427),Tobias Harris,36779427,PF/F/UTIL,6200,TOR@DET 11/25/2024 07:00PM ET,DET,30.40
PG/SG,Shaedon Sharpe (36779435),Shaedon Sharpe,36779435,PG/SG/G/UTIL,6200,POR@MEM 11/25/2024 08:00PM ET,POR,27.33
C,Mark Williams (36779444),Mark Williams,36779444,C/UTIL,6100,ORL@CHA 11/25/2024 07:00PM ET,CHA,0
PF,Santi Aldama (36779441),Santi Aldama,36779441,PF/F/UTIL,6100,POR@MEM 11/25/2024 08:00PM ET,MEM,30.10
PG/SG,Anfernee Simons (36779446),Anfernee Simons,36779446,PG/SG/G/UTIL,6100,POR@MEM 11/25/2024 08:00PM ET,POR,26.11
PF,PJ Washington (36779450),PJ Washington,36779450,PF/F/UTIL,6000,DAL@ATL 11/25/2024 07:30PM ET,DAL,30.33
PG,Russell Westbrook (36779453),Russell Westbrook,36779453,PG/G/UTIL,6000,NYK@DEN 11/25/2024 09:00PM ET,DEN,29.77
PF,Jerami Grant (36779461),Jerami Grant,36779461,PF/F/UTIL,5900,POR@MEM 11/25/2024 08:00PM ET,POR,28.46
SG/SF,Christian Braun (36779471),Christian Braun,36779471,SG/SF/F/G/UTIL,5700,NYK@DEN 11/25/2024 09:00PM ET,DEN,29.37
SG/SF,Klay Thompson (36779476),Klay Thompson,36779476,SG/SF/F/G/UTIL,5600,DAL@ATL 11/25/2024 07:30PM ET,DAL,23.57
C,Clint Capela (36779481),Clint Capela,36779481,C/UTIL,5600,DAL@ATL 11/25/2024 07:30PM ET,ATL,26.65
PF/C,Jeremiah Robinson-Earl (36779483),Jeremiah Robinson-Earl,36779483,PF/C/F/UTIL,5600,NOP@IND 11/25/2024 07:00PM ET,NOP,17.35
C,Dereck Lively II (36779495),Dereck Lively II,36779495,C/UTIL,5500,DAL@ATL 11/25/2024 07:30PM ET,DAL,25.69
PF,Peyton Watson (36779492),Peyton Watson,36779492,PF/F/UTIL,5500,NYK@DEN 11/25/2024 09:00PM ET,DEN,20.37
C,Daniel Gafford (36779497),Daniel Gafford,36779497,C/UTIL,5400,DAL@ATL 11/25/2024 07:30PM ET,DAL,25.46
SG/SF,Malik Beasley (36779487),Malik Beasley,36779487,SG/SF/F/G/UTIL,5400,TOR@DET 11/25/2024 07:00PM ET,DET,24.74
PG,Jrue Holiday (36779502),Jrue Holiday,36779502,PG/G/UTIL,5300,LAC@BOS 11/25/2024 07:30PM ET,BOS,25.61
SF,Deni Avdija (36779499),Deni Avdija,36779499,SF/F/UTIL,5300,POR@MEM 11/25/2024 08:00PM ET,POR,25.44
SF/PF,De'Andre Hunter (36779505),De'Andre Hunter,36779505,SF/PF/F/UTIL,5200,DAL@ATL 11/25/2024 07:30PM ET,ATL,28.5
SG/SF,Toumani Camara (36779519),Toumani Camara,36779519,SG/SF/F/G/UTIL,5200,POR@MEM 11/25/2024 08:00PM ET,POR,22.63
PG/SG,Jordan Hawkins (36779515),Jordan Hawkins,36779515,PG/SG/G/UTIL,5200,NOP@IND 11/25/2024 07:00PM ET,NOP,23.81
PG/SG,Payton Pritchard (36779535),Payton Pritchard,36779535,PG/SG/G/UTIL,5100,LAC@BOS 11/25/2024 07:30PM ET,BOS,25.5
C,Goga Bitadze (36779524),Goga Bitadze,36779524,C/UTIL,5100,ORL@CHA 11/25/2024 07:00PM ET,ORL,22.30
SG/SF,Jaylen Wells (36779526),Jaylen Wells,36779526,SG/SF/F/G/UTIL,5100,POR@MEM 11/25/2024 08:00PM ET,MEM,20.87
SG/SF,Bogdan Bogdanovic (36779548),Bogdan Bogdanovic,36779548,SG/SF/F/G/UTIL,5000,DAL@ATL 11/25/2024 07:30PM ET,ATL,18.44
C,Wendell Carter Jr. (36779539),Wendell Carter Jr.,36779539,C/UTIL,5000,ORL@CHA 11/25/2024 07:00PM ET,ORL,26.12
SF/PF,Ochai Agbaji (36779541),Ochai Agbaji,36779541,SF/PF/F/UTIL,5000,TOR@DET 11/25/2024 07:00PM ET,TOR,25.03
PG,T.J. McConnell (36779545),T.J. McConnell,36779545,PG/G/UTIL,5000,NOP@IND 11/25/2024 07:00PM ET,IND,21.92
SF/PF,Naji Marshall (36779556),Naji Marshall,36779556,SF/PF/F/UTIL,4900,DAL@ATL 11/25/2024 07:30PM ET,DAL,20.98
C,Moussa Diabate (36779560),Moussa Diabate,36779560,C/UTIL,4900,ORL@CHA 11/25/2024 07:00PM ET,CHA,17.17
PG,Scoot Henderson (36779553),Scoot Henderson,36779553,PG/G/UTIL,4900,POR@MEM 11/25/2024 08:00PM ET,POR,23.77
C,Al Horford (36779569),Al Horford,36779569,C/UTIL,4800,LAC@BOS 11/25/2024 07:30PM ET,BOS,24.75
PG,Bruce Brown (36779562),Bruce Brown,36779562,PG/G/UTIL,4800,TOR@DET 11/25/2024 07:00PM ET,TOR,0
PF/C,Robert Williams (36779565),Robert Williams,36779565,PF/C/F/UTIL,4800,POR@MEM 11/25/2024 08:00PM ET,POR,25.71
PG/SG,Dalano Banton (36779571),Dalano Banton,36779571,PG/SG/G/UTIL,4700,POR@MEM 11/25/2024 08:00PM ET,POR,19.37
PF,Javonte Green (36779575),Javonte Green,36779575,PF/F/UTIL,4700,NOP@IND 11/25/2024 07:00PM ET,NOP,15.74
C,Onyeka Okongwu (36779587),Onyeka Okongwu,36779587,C/UTIL,4600,DAL@ATL 11/25/2024 07:30PM ET,ATL,24.02
SF/PF,Ausar Thompson (36779583),Ausar Thompson,36779583,SF/PF/F/UTIL,4600,TOR@DET 11/25/2024 07:00PM ET,DET,0
PG/SG,Davion Mitchell (36779593),Davion Mitchell,36779593,PG/SG/G/UTIL,4600,TOR@DET 11/25/2024 07:00PM ET,TOR,21.65
PG/SG,Marcus Smart (36779589),Marcus Smart,36779589,PG/SG/G/UTIL,4600,POR@MEM 11/25/2024 08:00PM ET,MEM,19.36
SG/SF,Quentin Grimes (36779607),Quentin Grimes,36779607,SG/SF/F/G/UTIL,4500,DAL@ATL 11/25/2024 07:30PM ET,DAL,14.02
PG/SG,Kris Dunn (36779603),Kris Dunn,36779603,PG/SG/G/UTIL,4500,LAC@BOS 11/25/2024 07:30PM ET,LAC,19.76
SF/PF,Jake LaRavia (36779597),Jake LaRavia,36779597,SF/PF/F/UTIL,4500,POR@MEM 11/25/2024 08:00PM ET,MEM,23.81
C,Yves Missi (36779601),Yves Missi,36779601,C/UTIL,4500,NOP@IND 11/25/2024 07:00PM ET,NOP,21.11
PG,Kevin Porter Jr. (36779627),Kevin Porter Jr.,36779627,PG/G/UTIL,4400,LAC@BOS 11/25/2024 07:30PM ET,LAC,18.39
C,Moritz Wagner (36779616),Moritz Wagner,36779616,C/UTIL,4400,ORL@CHA 11/25/2024 07:00PM ET,ORL,21.76
PG/SG,Anthony Black (36779618),Anthony Black,36779618,PG/SG/G/UTIL,4400,ORL@CHA 11/25/2024 07:00PM ET,ORL,21.82
PG/SF,Cody Martin (36779622),Cody Martin,36779622,PG/SF/F/G/UTIL,4400,ORL@CHA 11/25/2024 07:00PM ET,CHA,21.42
PF/C,Chris Boucher (36779612),Chris Boucher,36779612,PF/C/F/UTIL,4400,TOR@DET 11/25/2024 07:00PM ET,TOR,21.03
SF,Zaccharie Risacher (36779636),Zaccharie Risacher,36779636,SF/F/UTIL,4300,DAL@ATL 11/25/2024 07:30PM ET,ATL,21.76
PF/C,Jonathan Isaac (36779632),Jonathan Isaac,36779632,PF/C/F/UTIL,4300,ORL@CHA 11/25/2024 07:00PM ET,ORL,17.42
C,Isaiah Stewart (36779630),Isaiah Stewart,36779630,C/UTIL,4300,TOR@DET 11/25/2024 07:00PM ET,DET,22.28
C,Neemias Queta (36779651),Neemias Queta,36779651,C/UTIL,4200,LAC@BOS 11/25/2024 07:30PM ET,BOS,15.38
SF/PF,Amir Coffey (36779663),Amir Coffey,36779663,SF/PF/F/UTIL,4200,LAC@BOS 11/25/2024 07:30PM ET,LAC,16.58
SG,Kentavious Caldwell-Pope (36779660),Kentavious Caldwell-Pope,36779660,SG/G/UTIL,4200,ORL@CHA 11/25/2024 07:00PM ET,ORL,16.54
PF/C,Brandon Clarke (36779656),Brandon Clarke,36779656,PF/C/F/UTIL,4200,POR@MEM 11/25/2024 08:00PM ET,MEM,13.84
PF,Jarace Walker (36779648),Jarace Walker,36779648,PF/F/UTIL,4200,NOP@IND 11/25/2024 07:00PM ET,IND,15.69
PG,Elfrid Payton (36779653),Elfrid Payton,36779653,PG/G/UTIL,4200,NOP@IND 11/25/2024 07:00PM ET,NOP,23
PG/SG,Cameron Payne (36779667),Cameron Payne,36779667,PG/SG/G/UTIL,4100,NYK@DEN 11/25/2024 09:00PM ET,NYK,19.10
SG/SF,Quenton Jackson (36779673),Quenton Jackson,36779673,SG/SF/F/G/UTIL,4100,NOP@IND 11/25/2024 07:00PM ET,IND,13.56
SF/PF,Sam Hauser (36779686),Sam Hauser,36779686,SF/PF/F/UTIL,4000,LAC@BOS 11/25/2024 07:30PM ET,BOS,16.64
SG/SF,Tim Hardaway Jr. (36779695),Tim Hardaway Jr.,36779695,SG/SF/F/G/UTIL,4000,TOR@DET 11/25/2024 07:00PM ET,DET,16.68 
PF,Derrick Jones Jr. (36779700),Derrick Jones Jr.,36779700,PF/F/UTIL,3900,LAC@BOS 11/25/2024 07:30PM ET,LAC,20.15
C,Luke Kornet (36779707),Luke Kornet,36779707,C/UTIL,3900,LAC@BOS 11/25/2024 07:30PM ET,BOS,14.34
PF/C,Obi Toppin (36779703),Obi Toppin,36779703,PF/C/F/UTIL,3900,NOP@IND 11/25/2024 07:00PM ET,IND,18.02
SG/SF,Antonio Reeves (36779709),Antonio Reeves,36779709,SG/SF/F/G/UTIL,3900,NOP@IND 11/25/2024 07:00PM ET,NOP,9.02
SF/PF,Josh Green (36779721),Josh Green,36779721,SF/PF/F/UTIL,3800,ORL@CHA 11/25/2024 07:00PM ET,CHA,14.48
PF,Tristan da Silva (36779725),Tristan da Silva,36779725,PF/F/UTIL,3800,ORL@CHA 11/25/2024 07:00PM ET,ORL,16.46
C,Jay Huff (36779714),Jay Huff,36779714,C/UTIL,3800,POR@MEM 11/25/2024 08:00PM ET,MEM,17.97
SG/SF,Luke Kennard (36779716),Luke Kennard,36779716,SG/SF/F/G/UTIL,3800,POR@MEM 11/25/2024 08:00PM ET,MEM,18.33
PG/SG,Jaden Hardy (36779728),Jaden Hardy,36779728,PG/SG/G/UTIL,3700,DAL@ATL 11/25/2024 07:30PM ET,DAL,9.84
PG/SG,Wendell Moore Jr. (36779737),Wendell Moore Jr.,36779737,PG/SG/G/UTIL,3700,TOR@DET 11/25/2024 07:00PM ET,DET,12.22
SG/SF,Jamal Cain (36779732),Jamal Cain,36779732,SG/SF/F/G/UTIL,3700,NOP@IND 11/25/2024 07:00PM ET,NOP,11.19
PF/C,Maxi Kleber (36779748),Maxi Kleber,36779748,PF/C/F/UTIL,3600,DAL@ATL 11/25/2024 07:30PM ET,DAL,6.56
SG/SF,Terance Mann (36779741),Terance Mann,36779741,SG/SF/F/G/UTIL,3600,LAC@BOS 11/25/2024 07:30PM ET,LAC,14.79
C,Daniel Theis (36779746),Daniel Theis,36779746,C/UTIL,3600,NOP@IND 11/25/2024 07:00PM ET,NOP,12.25
SG/SF,Julian Strawther (36779752),Julian Strawther,36779752,SG/SF/F/G/UTIL,3500,NYK@DEN 11/25/2024 09:00PM ET,DEN,16.47
C,Dario Saric (36779757),Dario Saric,36779757,C/UTIL,3500,NYK@DEN 11/25/2024 09:00PM ET,DEN,10.48
PF/C,Jericho Sims (36779759),Jericho Sims,36779759,PF/C/F/UTIL,3500,NYK@DEN 11/25/2024 09:00PM ET,NYK,9.03
PG,Marcus Sasser (36779763),Marcus Sasser,36779763,PG/G/UTIL,3500,TOR@DET 11/25/2024 07:00PM ET,DET,8.55
SF,Ronald Holland II (36779768),Ronald Holland II,36779768,SF/F/UTIL,3400,TOR@DET 11/25/2024 07:00PM ET,DET,11.25
C,Trey Jemison (36779766),Trey Jemison,36779766,C/UTIL,3400,NOP@IND 11/25/2024 07:00PM ET,NOP,9.07
PG,Spencer Dinwiddie (36779788),Spencer Dinwiddie,36779788,PG/G/UTIL,3300,DAL@ATL 11/25/2024 07:30PM ET,DAL,11.37
SG/SF,Gary Harris (36779779),Gary Harris,36779779,SG/SF/F/G/UTIL,3300,ORL@CHA 11/25/2024 07:00PM ET,ORL,8.64
SF/PF,Tidjane Salaun (36779784),Tidjane Salaun,36779784,SF/PF/F/UTIL,3300,ORL@CHA 11/25/2024 07:00PM ET,CHA,10.86
PG,Tyler Kolek (36779776),Tyler Kolek,36779776,PG/G/UTIL,3300,NYK@DEN 11/25/2024 09:00PM ET,NYK,6.96
C,Jonathan Mogbo (36779771),Jonathan Mogbo,36779771,C/UTIL,3300,TOR@DET 11/25/2024 07:00PM ET,TOR,15.25
PF,Simone Fontecchio (36779773),Simone Fontecchio,36779773,PF/F/UTIL,3300,TOR@DET 11/25/2024 07:00PM ET,DET,12.53
SG/SF,Garrison Mathews (36779793),Garrison Mathews,36779793,SG/SF/F/G/UTIL,3200,DAL@ATL 11/25/2024 07:30PM ET,ATL,15.56
PF/C,Nicolas Batum (36779798),Nicolas Batum,36779798,PF/C/F/UTIL,3200,LAC@BOS 11/25/2024 07:30PM ET,LAC,11.39
SF/PF,Jett Howard (36779807),Jett Howard,36779807,SF/PF/F/UTIL,3200,ORL@CHA 11/25/2024 07:00PM ET,ORL,7.69
SG/SF,John Konchar (36779802),John Konchar,36779802,SG/SF/F/G/UTIL,3200,POR@MEM 11/25/2024 08:00PM ET,MEM,10.75
SG/SF,Kris Murray (36779811),Kris Murray,36779811,SG/SF/F/G/UTIL,3200,POR@MEM 11/25/2024 08:00PM ET,POR,10.39
PG,Kobe Bufkin (36779821),Kobe Bufkin,36779821,PG/G/UTIL,3100,DAL@ATL 11/25/2024 07:30PM ET,ATL,8.83
SG/SF,Jordan Miller (36779837),Jordan Miller,36779837,SG/SF/F/G/UTIL,3100,LAC@BOS 11/25/2024 07:30PM ET,LAC,10.75
PG,Vasilije Micic (36779827),Vasilije Micic,36779827,PG/G/UTIL,3100,ORL@CHA 11/25/2024 07:00PM ET,CHA,8.46
PG/SG,Cole Anthony (36779833),Cole Anthony,36779833,PG/SG/G/UTIL,3100,ORL@CHA 11/25/2024 07:00PM ET,ORL,9.19
PG,Jamal Shead (36779824),Jamal Shead,36779824,PG/G/UTIL,3100,TOR@DET 11/25/2024 07:00PM ET,TOR,10.97
SG,Cam Spencer (36779830),Cam Spencer,36779830,SG/G/UTIL,3100,POR@MEM 11/25/2024 08:00PM ET,MEM,4.5
SG/SF,Johnny Furphy (36779816),Johnny Furphy,36779816,SG/SF/F/G/UTIL,3100,NOP@IND 11/25/2024 07:00PM ET,IND,5.36
PF/C,Larry Nance Jr. (36779862),Larry Nance Jr.,36779862,PF/C/F/UTIL,3000,DAL@ATL 11/25/2024 07:30PM ET,ATL,15.56
SF/PF,Olivier-Maxence Prosper (36779872),Olivier-Maxence Prosper,36779872,SF/PF/F/UTIL,3000,DAL@ATL 11/25/2024 07:30PM ET,DAL,3.75
PG,Keaton Wallace (36779953),Keaton Wallace,36779953,PG/G/UTIL,3000,DAL@ATL 11/25/2024 07:30PM ET,ATL,11.79
C,Mouhamed Gueye (36779956),Mouhamed Gueye,36779956,C/UTIL,3000,DAL@ATL 11/25/2024 07:30PM ET,ATL,2
C,Dominick Barlow (36779958),Dominick Barlow,36779958,C/UTIL,3000,DAL@ATL 11/25/2024 07:30PM ET,ATL,0.5
PF,David Roddy (36779960),David Roddy,36779960,PF/F/UTIL,3000,DAL@ATL 11/25/2024 07:30PM ET,ATL,13.90
SG,Vit Krejci (36779963),Vit Krejci,36779963,SG/G/UTIL,3000,DAL@ATL 11/25/2024 07:30PM ET,ATL,8.54
PF/C,Markieff Morris (36780055),Markieff Morris,36780055,PF/C/F/UTIL,3000,DAL@ATL 11/25/2024 07:30PM ET,DAL,5
PG,Jazian Gortman (36780059),Jazian Gortman,36780059,PG/G/UTIL,3000,DAL@ATL 11/25/2024 07:30PM ET,DAL,1.5
C,Dwight Powell (36780062),Dwight Powell,36780062,C/UTIL,3000,DAL@ATL 11/25/2024 07:30PM ET,DAL,7.12
PG,Brandon Williams (36780064),Brandon Williams,36780064,PG/G/UTIL,3000,DAL@ATL 11/25/2024 07:30PM ET,DAL,2.6
SG/SF,Kessler Edwards (36780067),Kessler Edwards,36780067,SG/SF/F/G/UTIL,3000,DAL@ATL 11/25/2024 07:30PM ET,DAL,-0.17
SG/SF,Baylor Scheierman (36779971),Baylor Scheierman,36779971,SG/SF/F/G/UTIL,3000,LAC@BOS 11/25/2024 07:30PM ET,BOS,3
PF/C,Xavier Tillman (36779976),Xavier Tillman,36779976,PF/C/F/UTIL,3000,LAC@BOS 11/25/2024 07:30PM ET,BOS,5.96
PF,Anton Watson (36779980),Anton Watson,36779980,PF/F/UTIL,3000,LAC@BOS 11/25/2024 07:30PM ET,BOS,0
SF/PF,Jordan Walsh (36779983),Jordan Walsh,36779983,SF/PF/F/UTIL,3000,LAC@BOS 11/25/2024 07:30PM ET,BOS,4.14
PG,JD Davison (36779987),JD Davison,36779987,PG/G/UTIL,3000,LAC@BOS 11/25/2024 07:30PM ET,BOS,1.92
SF/PF,Drew Peterson (36779990),Drew Peterson,36779990,SF/PF/F/UTIL,3000,LAC@BOS 11/25/2024 07:30PM ET,BOS,2.75
SG/SF,Jaden Springer (36779994),Jaden Springer,36779994,SG/SF/F/G/UTIL,3000,LAC@BOS 11/25/2024 07:30PM ET,BOS,3.25
SG,Cam Christie (36780075),Cam Christie,36780075,SG/G/UTIL,3000,LAC@BOS 11/25/2024 07:30PM ET,LAC,0
PF/C,Kai Jones (36780078),Kai Jones,36780078,PF/C/F/UTIL,3000,LAC@BOS 11/25/2024 07:30PM ET,LAC,5.93
PF/C,Kobe Brown (36780082),Kobe Brown,36780082,PF/C/F/UTIL,3000,LAC@BOS 11/25/2024 07:30PM ET,LAC,7.5
PG,Bones Hyland (36780086),Bones Hyland,36780086,PG/G/UTIL,3000,LAC@BOS 11/25/2024 07:30PM ET,LAC,7.15
SG,Trentyn Flowers (36780089),Trentyn Flowers,36780089,SG/G/UTIL,3000,LAC@BOS 11/25/2024 07:30PM ET,LAC,0
C,Taj Gibson (36779901),Taj Gibson,36779901,C/UTIL,3000,ORL@CHA 11/25/2024 07:00PM ET,CHA,9
PG,KJ Simpson (36779903),KJ Simpson,36779903,PG/G/UTIL,3000,ORL@CHA 11/25/2024 07:00PM ET,CHA,7.25
SG,Seth Curry (36779906),Seth Curry,36779906,SG/G/UTIL,3000,ORL@CHA 11/25/2024 07:00PM ET,CHA,8.25
SG,Nick Smith Jr. (36779909),Nick Smith Jr.,36779909,SG/G/UTIL,3000,ORL@CHA 11/25/2024 07:00PM ET,CHA,2.35
SF,Jared Rhoden (36779912),Jared Rhoden,36779912,SF/F/UTIL,3000,ORL@CHA 11/25/2024 07:00PM ET,CHA,3.38
SF/PF,Caleb Houstan (36780014),Caleb Houstan,36780014,SF/PF/F/UTIL,3000,ORL@CHA 11/25/2024 07:00PM ET,ORL,1.80
PG,Cory Joseph (36780018),Cory Joseph,36780018,PG/G/UTIL,3000,ORL@CHA 11/25/2024 07:00PM ET,ORL,3.96
PG,Trevelin Queen (36780021),Trevelin Queen,36780021,PG/G/UTIL,3000,ORL@CHA 11/25/2024 07:00PM ET,ORL,1.5
PG,Mac McClung (36780024),Mac McClung,36780024,PG/G/UTIL,3000,ORL@CHA 11/25/2024 07:00PM ET,ORL,4.25
C,Ariel Hukporti (36779842),Ariel Hukporti,36779842,C/UTIL,3000,NYK@DEN 11/25/2024 09:00PM ET,NYK,6.21
C,DeAndre Jordan (36779844),DeAndre Jordan,36779844,C/UTIL,3000,NYK@DEN 11/25/2024 09:00PM ET,DEN,8.58
SG/SF,Pacome Dadiet (36779852),Pacome Dadiet,36779852,SG/SF/F/G/UTIL,3000,NYK@DEN 11/25/2024 09:00PM ET,NYK,5.33
SG/SF,Spencer Jones (36779876),Spencer Jones,36779876,SG/SF/F/G/UTIL,3000,NYK@DEN 11/25/2024 09:00PM ET,DEN,3.25
PG/SG,Trey Alexander (36779881),Trey Alexander,36779881,PG/SG/G/UTIL,3000,NYK@DEN 11/25/2024 09:00PM ET,DEN,1.38
SF/PF,Hunter Tyson (36779885),Hunter Tyson,36779885,SF/PF/F/UTIL,3000,NYK@DEN 11/25/2024 09:00PM ET,DEN,5.02
C,Zeke Nnaji (36779889),Zeke Nnaji,36779889,C/UTIL,3000,NYK@DEN 11/25/2024 09:00PM ET,DEN,3.38
C,PJ Hall (36779891),PJ Hall,36779891,C/UTIL,3000,NYK@DEN 11/25/2024 09:00PM ET,DEN,1
PG/SG,Jalen Pickett (36779893),Jalen Pickett,36779893,PG/SG/G/UTIL,3000,NYK@DEN 11/25/2024 09:00PM ET,DEN,0
C,Vlatko Cancar (36779897),Vlatko Cancar,36779897,C/UTIL,3000,NYK@DEN 11/25/2024 09:00PM ET,DEN,5.12
C,DaRon Holmes II (36779899),DaRon Holmes II,36779899,C/UTIL,3000,NYK@DEN 11/25/2024 09:00PM ET,DEN,0
PG,Boo Buie (36779999),Boo Buie,36779999,PG/G/UTIL,3000,NYK@DEN 11/25/2024 09:00PM ET,NYK,0
SG/SF,Matt Ryan (36780002),Matt Ryan,36780002,SG/SF/F/G/UTIL,3000,NYK@DEN 11/25/2024 09:00PM ET,NYK,0.88
SF/PF,Jacob Toppin (36780007),Jacob Toppin,36780007,SF/PF/F/UTIL,3000,NYK@DEN 11/25/2024 09:00PM ET,NYK,1.5
SF,Kevin McCullar Jr. (36780011),Kevin McCullar Jr.,36780011,SF/F/UTIL,3000,NYK@DEN 11/25/2024 09:00PM ET,NYK,0
C,Bruno Fernando (36779850),Bruno Fernando,36779850,C/UTIL,3000,TOR@DET 11/25/2024 07:00PM ET,TOR,9.62
C,Ulrich Chomche (36779857),Ulrich Chomche,36779857,C/UTIL,3000,TOR@DET 11/25/2024 07:00PM ET,TOR,3.25
SG,Garrett Temple (36779859),Garrett Temple,36779859,SG/G/UTIL,3000,TOR@DET 11/25/2024 07:00PM ET,TOR,4.25
SF,Jamison Battle (36779866),Jamison Battle,36779866,SF/F/UTIL,3000,TOR@DET 11/25/2024 07:00PM ET,TOR,9.44
SG,Ja'Kobe Walter (36779869),Ja'Kobe Walter,36779869,SG/G/UTIL,3000,TOR@DET 11/25/2024 07:00PM ET,TOR,7.69
C,Cole Swider (36779939),Cole Swider,36779939,C/UTIL,3000,TOR@DET 11/25/2024 07:00PM ET,DET,1.25
PG/SG,Alondes Williams (36779941),Alondes Williams,36779941,PG/SG/G/UTIL,3000,TOR@DET 11/25/2024 07:00PM ET,DET,7
PG,Daniss Jenkins (36779945),Daniss Jenkins,36779945,PG/G/UTIL,3000,TOR@DET 11/25/2024 07:00PM ET,DET,0
C,Paul Reed (36779948),Paul Reed,36779948,C/UTIL,3000,TOR@DET 11/25/2024 07:00PM ET,DET,8.28
PF,Bobi Klintman (36779950),Bobi Klintman,36779950,PF/F/UTIL,3000,TOR@DET 11/25/2024 07:00PM ET,DET,0
PG,D.J. Carton (36780052),D.J. Carton,36780052,PG/G/UTIL,3000,TOR@DET 11/25/2024 07:00PM ET,TOR,3.62
PG,Yuki Kawamura (36779931),Yuki Kawamura,36779931,PG/G/UTIL,3000,POR@MEM 11/25/2024 08:00PM ET,MEM,2.06
C,Colin Castleton (36779934),Colin Castleton,36779934,C/UTIL,3000,POR@MEM 11/25/2024 08:00PM ET,MEM,2.04
PF,Gregory Jackson (36779936),Gregory Jackson,36779936,PF/F/UTIL,3000,POR@MEM 11/25/2024 08:00PM ET,MEM,0
SG,Taze Moore (36780031),Taze Moore,36780031,SG/G/UTIL,3000,POR@MEM 11/25/2024 08:00PM ET,POR,14.5
SG,Bryce McGowens (36780034),Bryce McGowens,36780034,SG/G/UTIL,3000,POR@MEM 11/25/2024 08:00PM ET,POR,0
SF,Rayan Rupert (36780037),Rayan Rupert,36780037,SF/F/UTIL,3000,POR@MEM 11/25/2024 08:00PM ET,POR,7.02
SG,Justin Minaya (36780040),Justin Minaya,36780040,SG/G/UTIL,3000,POR@MEM 11/25/2024 08:00PM ET,POR,0
C,Duop Reath (36780043),Duop Reath,36780043,C/UTIL,3000,POR@MEM 11/25/2024 08:00PM ET,POR,2.92
PF/C,Jabari Walker (36780045),Jabari Walker,36780045,PF/C/F/UTIL,3000,POR@MEM 11/25/2024 08:00PM ET,POR,6.79
PF,Matisse Thybulle (36780049),Matisse Thybulle,36780049,PF/F/UTIL,3000,POR@MEM 11/25/2024 08:00PM ET,POR,0
PF/C,Enrique Freeman (36779846),Enrique Freeman,36779846,PF/C/F/UTIL,3000,NOP@IND 11/25/2024 07:00PM ET,IND,4.44
PF/C,James Johnson (36779918),James Johnson,36779918,PF/C/F/UTIL,3000,NOP@IND 11/25/2024 07:00PM ET,IND,3.33
PG,Tristen Newton (36779922),Tristen Newton,36779922,PG/G/UTIL,3000,NOP@IND 11/25/2024 07:00PM ET,IND,1.5
C,Moses Brown (36779925),Moses Brown,36779925,C/UTIL,3000,NOP@IND 11/25/2024 07:00PM ET,IND,11.42
PF/C,Karlo Matkovic (36780027),Karlo Matkovic,36780027,PF/C/F/UTIL,3000,NOP@IND 11/25/2024 07:00PM ET,NOP,5.31
